City_ID,City,Lat,Lng,Max Temp,Humidity,Cloudiness,Wind Speed,Country,Date
0,avarua,-21.2078,-159.775,25.03,73,75,3.09,CK,1715480380
1,rabo de peixe,37.8,-25.5833,17.77,99,75,1.54,PT,1715480380
2,tezu,27.9167,96.1667,29.06,34,3,1.64,IN,1715480380
3,carolina beach,34.0352,-77.8936,20.01,81,0,2.86,US,1715480305
4,albany,42.6001,-73.9662,12.73,70,100,2.37,US,1715480381
5,grytviken,-54.2811,-36.5092,-0.52,88,37,1.93,GS,1715480381
6,olyokminsk,60.3736,120.4264,9.65,40,89,4.43,RU,1715480381
7,lihue,21.9789,-159.3672,25.58,74,75,6.17,US,1715480321
8,utrik,11.2278,169.8474,27.51,80,88,6.9,MH,1715480381
9,meadow lake,34.8014,-106.5436,18.6,27,90,6.53,US,1715480382
10,berezovyy,51.6667,135.7,4.15,90,100,2.55,RU,1715480382
11,waitangi,-43.9535,-176.5597,11.01,89,96,3.13,NZ,1715480382
12,longyearbyen,78.2186,15.6401,-2.12,93,91,0.58,SJ,1715480382
13,sisimiut,66.9395,-53.6735,-0.9,95,100,4.59,GL,1715480382
14,nizhnesortymskiy,62.4397,71.7603,4.13,76,10,7.08,RU,1715480383
15,chubek,37.6137,69.7061,15.04,84,100,1.54,TJ,1715480383
16,blackmans bay,-43.0167,147.3167,15.41,73,28,0.89,AU,1715480383
17,iqaluit,63.7506,-68.5145,-5.15,85,100,10.29,CA,1715480383
18,dryden,49.7833,-92.7503,15.16,44,0,5.66,CA,1715480383
19,northam,51.0333,-4.2167,13.67,83,100,3.72,GB,1715480384
20,jamestown,42.097,-79.2353,9.77,97,100,3.6,US,1715480384
21,lerwick,60.1545,-1.1494,10.0,86,100,7.02,GB,1715480384
22,bikenibeu village,1.3673,173.1241,29.98,79,75,2.57,KI,1715480384
23,khandyga,62.6667,135.6,7.23,34,86,0.57,RU,1715480384
24,talnakh,69.4865,88.3972,-3.22,97,100,4.14,RU,1715480385
25,suva,-18.1416,178.4415,26.71,57,75,5.66,FJ,1715480385
26,papatowai,-46.5619,169.4708,11.99,78,74,4.94,NZ,1715480385
27,margaret river,-33.95,115.0667,17.49,66,100,2.6,AU,1715480385
28,cascais,38.6979,-9.4215,15.65,83,84,6.71,PT,1715480385
29,st. john's,47.5649,-52.7093,0.99,96,100,5.14,CA,1715480386
30,ushuaia,-54.8,-68.3,2.81,70,40,7.72,AR,1715480386
31,rikaze,29.25,88.8833,11.33,35,17,0.78,CN,1715480386
32,kindu,-2.95,25.95,21.25,99,93,1.21,CD,1715480386
33,iskateley,67.6803,53.1512,-3.88,94,96,5.36,RU,1715480387
34,edinburgh of the seven seas,-37.0676,-12.3116,15.83,89,100,8.29,SH,1715480387
35,jijiga,9.35,42.8,18.96,80,81,0.78,ET,1715480387
36,saintes,45.6667,-0.75,16.63,81,99,4.42,FR,1715480387
37,bredasdorp,-34.5322,20.0403,10.83,84,6,1.16,ZA,1715480387
38,fale old settlement,-9.3852,-171.2468,29.43,72,58,4.38,TK,1715480388
39,kodiak,57.79,-152.4072,5.73,87,100,2.06,US,1715480388
40,selfoss,63.9331,-20.9971,7.8,93,100,3.85,IS,1715480388
41,undurkhaan,47.3194,110.6556,16.93,23,33,5.8,MN,1715480388
42,mahina,-17.5065,-149.489,29.87,62,20,3.6,PF,1715480388
43,canto do buriti,-8.11,-42.9444,23.55,55,78,1.17,BR,1715480389
44,formosa,-26.1775,-58.1781,18.64,95,100,2.07,AR,1715480389
45,ulladulla,-35.35,150.4667,15.49,93,100,7.32,AU,1715480389
46,qaqortoq,60.7167,-46.0333,-0.9,93,40,1.35,GL,1715480389
47,invercargill,-46.4,168.35,11.68,96,99,1.79,NZ,1715480389
48,keflavik,64.0049,-22.5624,8.95,93,100,7.2,IS,1715480390
49,gwadar,25.1216,62.3254,28.33,64,76,2.47,PK,1715480390
50,punta arenas,-53.15,-70.9167,4.06,75,40,4.63,CL,1715480390
51,colares,38.7992,-9.4469,15.55,84,100,6.71,PT,1715480390
52,todiresti,47.3167,26.8333,6.38,74,100,2.89,RO,1715480390
53,udachny,66.4167,112.4,-3.64,62,100,8.32,RU,1715480391
54,thompson,55.7435,-97.8558,8.09,66,75,5.66,CA,1715480391
55,ribeira grande,38.5167,-28.7,18.21,95,11,3.13,PT,1715480391
56,bethel,41.3712,-73.414,10.43,78,100,0.89,US,1715480391
57,musaffah,24.3458,54.5024,28.86,84,2,1.54,AE,1715480391
58,saint-pierre,-21.3393,55.4781,21.82,60,20,2.57,RE,1715480392
59,whitehorse,60.7161,-135.0538,9.06,29,100,7.15,CA,1715480277
60,nagykata,47.4151,19.7441,13.15,91,86,2.81,HU,1715480392
61,garissa,-0.4536,39.6401,24.84,75,39,5.26,KE,1715480392
62,kailua-kona,19.6406,-155.9956,27.98,71,0,4.12,US,1715480392
63,puerto natales,-51.7236,-72.4875,0.87,96,100,1.86,CL,1715480393
64,yelizovo,53.1873,158.3805,13.08,35,40,3.0,RU,1715480393
65,villa gesell,-37.2639,-56.973,11.14,68,8,6.53,AR,1715480393
66,gadzhiyevo,69.2551,33.3362,0.27,84,100,1.2,RU,1715480393
67,mount isa,-20.7333,139.5,25.87,50,100,5.14,AU,1715480394
68,tual,-5.6667,132.75,28.02,81,100,8.58,ID,1715480394
69,mana,5.6592,-53.7767,25.7,89,100,3.98,GF,1715480394
70,cabo san lucas,22.8909,-109.9124,29.17,23,40,0.0,MX,1715480394
71,hithadhoo,-0.6,73.0833,29.12,77,95,4.12,MV,1715480395
72,al jawf,29.5,38.75,21.72,37,0,3.79,SA,1715480395
73,battambang,13.1027,103.1982,31.37,66,100,0.41,KH,1715480395
74,ondjiva,-17.0667,15.7333,15.49,36,0,3.27,AO,1715480395
75,west island,-12.1568,96.8225,28.99,84,40,5.14,CC,1715480395
76,ca mau,9.1769,105.15,32.24,60,91,3.33,VN,1715480396
77,kapuskasing,49.4169,-82.4331,11.0,66,75,3.09,CA,1715480396
78,port-aux-francais,-49.35,70.2167,8.27,96,100,15.24,TF,1715480396
79,tiksi,71.6872,128.8694,-4.23,84,100,2.04,RU,1715480396
80,verkhnevilyuysk,63.4453,120.3167,3.56,46,100,3.09,RU,1715480396
81,vorgashor,67.5833,63.95,-9.0,99,97,2.21,RU,1715480397
82,puerto ayora,-0.7393,-90.3518,23.64,99,93,3.42,EC,1715480397
83,qarauyl,48.9451,79.255,9.72,64,99,2.94,KZ,1715480397
84,san rafael,-34.6177,-68.3301,6.71,51,71,3.25,AR,1715480397
85,adamstown,-25.066,-130.1015,20.5,64,0,4.43,PN,1715480397
86,port lincoln,-34.7333,135.8667,17.19,54,0,1.29,AU,1715480398
87,isafjordur,66.0755,-23.124,3.04,94,100,2.65,IS,1715480398
88,baruun-urt,46.6806,113.2792,15.27,26,6,4.68,MN,1715480398
89,toliara,-23.35,43.6667,20.12,70,0,3.59,MG,1715480398
90,johvi,59.3592,27.4211,2.32,83,12,0.47,EE,1715480398
91,nishinoomote,30.7333,131.0,24.31,78,75,6.17,JP,1715480399
92,kish,26.5578,54.0194,27.15,57,2,3.09,IR,1715480399
93,cabedelo,-6.9811,-34.8339,25.37,79,19,3.19,BR,1715480399
94,oranjemund,-28.55,16.4333,12.72,81,0,4.92,NA,1715480400
95,hermanus,-34.4187,19.2345,13.15,76,5,3.48,ZA,1715480400
96,salekhard,66.53,66.6019,-2.56,89,100,0.89,RU,1715480400
97,ascension,30.2169,-90.9001,24.49,74,40,0.0,US,1715480400
98,la trinite,14.7376,-60.9629,28.03,78,20,4.63,MQ,1715480400
99,san patricio,28.017,-97.5169,27.92,89,41,3.83,US,1715480401
100,anadyr,64.75,177.4833,-0.72,74,100,4.0,RU,1715480401
101,yellowknife,62.456,-114.3525,6.9,57,75,3.09,CA,1715480365
102,nabire,-3.3667,135.4833,30.46,70,64,2.11,ID,1715480401
103,ilulissat,69.2167,-51.1,-0.99,80,100,2.57,GL,1715480401
104,port elizabeth,-33.918,25.5701,12.16,72,0,4.12,ZA,1715480402
105,katsuren-haebaru,26.3369,127.8719,30.21,69,75,6.17,JP,1715480402
106,luderitz,-26.6481,15.1594,13.38,73,0,6.05,NA,1715480402
107,enewetak,11.3474,162.3373,27.72,81,100,8.13,MH,1715480402
108,naze,28.3667,129.4833,25.51,77,35,4.95,JP,1715480403
109,lazaro cardenas,17.9583,-102.2,24.0,79,80,1.95,MX,1715480180
110,wailua homesteads,22.0669,-159.378,25.24,80,75,6.17,US,1715480403
111,kaintragarh,20.7167,84.5333,32.34,45,3,1.92,IN,1715480403
112,saudarkrokur,65.7461,-19.6394,4.67,99,100,2.39,IS,1715480403
113,brigantine,39.4101,-74.3646,10.57,79,64,4.02,US,1715480404
114,college,64.8569,-147.8028,15.6,25,100,2.57,US,1715480404
115,damara,4.9608,18.7035,27.74,54,99,2.29,CF,1715480404
116,shobara,34.85,133.0167,17.47,96,100,2.54,JP,1715480404
117,arboga,59.3939,15.8388,8.78,60,28,2.59,SE,1715480404
118,shevchenko,48.5,35.0,5.97,74,8,4.45,UA,1715480405
119,batangafo,7.3008,18.2833,26.25,46,100,1.89,CF,1715480405
120,shangrao,28.4532,117.9686,21.67,97,100,2.61,CN,1715480405
121,camarinas,43.1311,-9.1817,13.85,94,100,1.28,ES,1715480406
122,nanguneri,8.4933,77.6581,30.56,70,51,0.46,IN,1715480406
123,ejirin,6.6142,3.9002,26.59,91,100,0.98,NG,1715480406
124,assab,13.0092,42.7394,30.89,67,58,9.6,ER,1715480406
125,mount pearl,47.5166,-52.7813,0.53,96,100,5.14,CA,1715480287
126,buka,40.8108,69.1986,17.24,66,100,1.57,UZ,1715480407
127,polyarnyy,69.1989,33.4478,0.43,80,100,1.17,RU,1715480407
128,cooma,-36.2333,149.1333,10.46,71,89,3.86,AU,1715480407
129,stanley,54.868,-1.6985,9.74,90,0,1.03,GB,1715480407
130,pahrump,36.2083,-115.9839,27.75,16,0,1.34,US,1715480407
131,west bay,19.3667,-81.4167,29.04,77,20,3.6,KY,1715480408
132,hawaiian paradise park,19.5933,-154.9731,23.82,91,100,3.6,US,1715480408
133,labytnangi,66.6572,66.4183,-2.57,89,96,5.49,RU,1715480408
134,hamilton,39.1834,-84.5333,15.43,65,0,2.06,US,1715480408
135,juegang,32.3174,121.1855,20.08,49,100,5.9,CN,1715480408
136,uturoa,-16.7333,-151.4333,27.76,75,0,4.9,PF,1715480409
137,margate,51.3813,1.3862,15.73,85,96,0.45,GB,1715480409
138,kristiansund,63.1115,7.732,10.36,87,100,2.06,NO,1715480409
139,impfondo,1.6381,18.0667,23.46,86,99,1.29,CG,1715480409
140,nijar,36.9665,-2.206,16.47,55,0,0.51,ES,1715480410
141,xilin hot,43.9667,116.0333,14.04,19,0,7.56,CN,1715480410
142,bazar-korgon,41.0376,72.7459,15.07,82,100,0.7,KG,1715480410
143,vila velha,-20.3297,-40.2925,25.97,83,20,3.6,BR,1715480410
144,kununurra,-15.7667,128.7333,29.99,42,3,6.17,AU,1715480410
145,olonkinbyen,70.9221,-8.7187,-1.69,97,100,5.68,SJ,1715480411
146,zhuanghe,39.7008,122.9911,19.33,32,0,3.45,CN,1715480411
147,susuman,62.7833,148.1667,3.32,69,100,5.36,RU,1715480411
148,cacu,-18.5567,-51.1308,19.49,58,0,1.73,BR,1715480411
149,valparaiso,-33.0393,-71.6273,9.8,71,0,0.0,CL,1715480412
150,sweetwater,25.7634,-80.3731,29.0,82,0,5.14,US,1715480412
151,caleta de carquin,-11.0925,-77.6267,18.34,90,93,3.3,PE,1715480412
152,suoyarvi,62.0833,32.35,1.12,80,98,2.79,RU,1715480412
153,arkhangel'sk,64.5401,40.5433,-0.94,80,100,4.0,RU,1715480412
154,cintalapa de figueroa,16.7333,-93.7167,27.2,52,71,0.97,MX,1715480413
155,newman,37.3138,-121.0208,32.13,38,0,1.34,US,1715480413
156,east london,-33.0153,27.9116,15.37,70,0,4.24,ZA,1715480413
157,mantua,45.1667,10.7833,18.58,76,18,0.89,IT,1715480413
158,"laikit, laikit ii (dimembe)",1.4792,124.9735,31.47,62,40,1.03,ID,1715480413
159,lompoc,34.6391,-120.4579,21.08,88,100,4.12,US,1715480410
160,touros,-5.1989,-35.4608,25.13,91,12,3.2,BR,1715480414
161,genhe,50.7833,121.5167,8.23,51,72,4.24,CN,1715480414
162,gizo,-8.103,156.8419,27.67,83,100,3.77,SB,1715480414
163,fiambala,-27.6871,-67.6149,9.51,55,7,1.41,AR,1715480414
164,tura,25.5198,90.2201,26.56,75,4,0.72,IN,1715480415
165,yambio,4.5721,28.3955,21.18,76,2,2.15,SS,1715480415
166,ust-nera,64.5667,143.2,0.96,52,50,3.69,RU,1715480415
167,arno,60.1167,18.6333,4.32,75,55,2.52,SE,1715480415
168,tazovsky,67.4667,78.7,-2.38,93,69,2.43,RU,1715480415
169,callao,-12.0667,-77.15,20.95,82,20,5.14,PE,1715480416
170,whangarei,-35.7317,174.3239,17.17,46,21,0.63,NZ,1715480416
171,bafq,31.6128,55.4107,21.67,21,0,1.01,IR,1715480416
172,broome,42.2506,-75.833,11.85,81,100,3.58,US,1715480416
173,hradec kralove,50.2092,15.8328,12.9,92,65,3.32,CZ,1715480417
174,mejit,10.2753,170.8646,27.65,80,82,7.21,MH,1715480417
175,mahdia,35.5047,11.0622,18.97,77,0,3.85,TN,1715480417
176,kapchorwa,1.3965,34.4509,14.25,70,98,1.81,UG,1715480417
177,el jadid,33.2549,-8.506,17.69,90,57,6.17,MA,1715480417
178,happy valley-goose bay,53.3168,-60.3315,6.17,61,20,0.0,CA,1715480418
179,alesund,62.4723,6.1549,12.17,93,75,3.6,NO,1715480418
180,smithers,54.7804,-127.1743,17.18,29,20,3.6,CA,1715480418
181,antofagasta,-23.65,-70.4,14.6,84,100,1.94,CL,1715480418
182,forster,-32.1667,152.5167,21.32,80,52,3.9,AU,1715480418
183,coquimbo,-29.9533,-71.3436,11.85,87,0,1.03,CL,1715480419
184,bengkulu,-3.8004,102.2655,27.89,73,100,0.89,ID,1715480419
185,port macquarie,-31.4333,152.9167,22.72,87,2,3.8,AU,1715480419
186,lycksele,64.5954,18.6735,5.24,75,100,0.0,SE,1715480419
187,freeport,40.6576,-73.5832,11.81,77,0,4.92,US,1715480176
188,whakatane,-37.9585,176.9854,16.05,71,0,1.79,NZ,1715480280
189,codrington,-38.2667,141.9667,16.89,59,2,1.07,AU,1715480420
190,tangalle,6.024,80.7911,27.39,86,96,1.45,LK,1715480420
191,nadym,65.5333,72.5167,-1.69,85,100,6.77,RU,1715480420
192,bilibino,68.0546,166.4372,1.75,78,72,1.2,RU,1715480421
193,mount darwin,-16.7725,31.5838,14.48,75,0,1.59,ZW,1715480421
194,megion,61.0296,76.1136,8.01,57,68,6.55,RU,1715480421
195,namibe,-15.1961,12.1522,22.66,76,0,2.53,AO,1715480421
196,erseke,40.3378,20.6789,6.87,84,4,1.69,AL,1715480422
197,filey,54.21,-0.2892,10.44,93,100,1.99,GB,1715480422
198,westport,41.1415,-73.3579,10.96,67,100,3.6,US,1715480197
199,mongu,-15.2484,23.1274,19.33,47,73,3.02,ZM,1715480422
200,varzelandia,-15.7014,-44.0275,24.58,55,100,0.7,BR,1715480423
201,prince rupert,54.3161,-130.3201,11.05,71,75,4.12,CA,1715480240
202,xiantao,30.3833,113.4,25.21,41,98,2.04,CN,1715480423
203,carnarvon,-24.8667,113.6333,26.89,33,100,5.44,AU,1715480423
204,nar'yan-mar,67.6713,53.087,-3.83,94,96,5.36,RU,1715480423
205,paita,-5.0892,-81.1144,20.4,82,100,6.35,PE,1715480424
206,burao,9.5221,45.5336,24.74,67,100,2.58,SO,1715480424
207,hoopstad,-27.8327,25.9083,13.45,39,0,1.38,ZA,1715480424
208,mar del plata,-38.0023,-57.5575,12.27,65,75,5.14,AR,1715480424
209,gamba,-2.65,10.0,26.01,93,100,1.77,GA,1715480424
210,alofi,-19.0595,-169.9187,26.94,50,24,7.2,NU,1715480425
211,kudahuvadhoo,2.6708,72.8944,29.29,76,41,5.1,MV,1715480425
212,vilyuysk,63.7553,121.6247,1.11,50,100,2.24,RU,1715480425
213,narragansett,41.4501,-71.4495,10.11,65,0,0.0,US,1715480425
214,ghat,24.9647,10.1728,22.51,22,0,1.64,LY,1715480426
215,oltinko'l,40.8011,72.1634,17.31,64,100,1.62,UZ,1715480426
216,binzhou,37.3667,118.0167,23.86,22,0,3.96,CN,1715480426
217,constitucion,-35.3333,-72.4167,8.59,87,3,2.49,CL,1715480426
218,hiratacho,35.4333,132.8167,18.01,94,75,2.06,JP,1715480426
219,maamba,-17.3667,27.15,17.7,57,0,0.4,ZM,1715480427
220,guymon,36.6828,-101.4816,17.0,72,100,4.12,US,1715480427
221,brookings,44.3114,-96.7984,20.21,50,0,3.6,US,1715480427
222,georgetown,5.4112,100.3354,30.96,72,20,2.06,MY,1715480427
223,markovo,57.3206,107.0881,15.25,67,100,3.06,RU,1715480428
224,stiens,53.2623,5.7577,13.3,87,100,4.12,NL,1715480428
225,pacific grove,36.6177,-121.9166,17.42,84,75,3.09,US,1715480428
226,luanda,-8.8368,13.2343,24.7,93,100,1.95,AO,1715480211
227,fort st. john,56.2499,-120.8529,13.94,28,100,3.09,CA,1715480428
228,saint-joseph,-21.3667,55.6167,21.21,79,36,5.42,RE,1715480429
229,port mathurin,-19.6833,63.4167,25.2,77,17,9.23,MU,1715480429
230,kill devil hills,36.0307,-75.676,13.32,78,0,2.06,US,1715480429
231,queenstown,-31.8976,26.8753,9.92,79,97,0.94,ZA,1715480046
232,simpang,-1.2667,104.0833,27.45,88,97,1.67,ID,1715480429
233,reggane,26.7158,0.1714,28.85,14,100,5.31,DZ,1715480430
234,tolanaro,-25.0319,46.9987,19.69,92,14,4.22,MG,1715480430
235,mocajuba,-2.5842,-49.5072,24.02,100,96,1.25,BR,1715480430
236,tashkent,41.2646,69.2163,14.97,82,100,2.06,UZ,1715480430
237,atafu village,-8.5421,-172.5159,29.91,67,12,4.28,TK,1715480430
238,minot,48.2325,-101.2963,21.12,37,20,3.6,US,1715480431
239,afaahiti,-17.75,-149.2833,28.93,80,3,5.23,PF,1715480431
240,ribeira brava,32.65,-17.0667,19.35,74,6,0.51,PT,1715480431
241,grand falls-windsor,48.9332,-55.6649,3.61,86,100,2.41,CA,1715480431
242,fort bragg,35.139,-79.006,19.91,55,100,3.6,US,1715480431
243,vila franca do campo,37.7167,-25.4333,18.27,99,15,1.04,PT,1715480432
244,new norfolk,-42.7826,147.0587,16.07,63,10,1.43,AU,1715480432
245,owase,34.0667,136.2,18.49,79,100,3.44,JP,1715480432
246,uliastay,47.7417,96.8444,20.19,16,1,1.65,MN,1715480433
247,kavarna,43.4333,28.3333,14.6,78,33,5.73,BG,1715480433
248,klyuchi,52.2667,79.1667,13.03,33,0,1.63,RU,1715480433
249,safi,32.1667,-8.8333,15.4,91,17,4.05,MA,1715480433
250,chonchi,-42.6128,-73.8092,3.95,91,16,1.19,CL,1715480434
251,ulaangom,49.9811,92.0667,21.0,23,100,1.63,MN,1715480434
252,binhe,32.6883,112.8275,25.53,32,90,0.6,CN,1715480434
253,sandnessjoen,66.0217,12.6316,6.29,95,100,8.47,NO,1715480434
254,amal,59.051,12.7049,8.34,74,48,1.8,SE,1715480434
255,pisco,-13.7,-76.2167,19.03,82,0,1.54,PE,1715480435
256,cayambe,0.05,-78.1333,12.59,87,96,2.36,EC,1715480435
257,juankoski,63.0667,28.35,-0.02,89,37,1.35,FI,1715480435
258,puerto colombia,10.9878,-74.9547,29.05,87,100,5.18,CO,1715480435
259,sitka,57.0531,-135.33,7.94,66,100,7.2,US,1715480435
260,nuuk,64.1835,-51.7216,-0.66,86,100,6.71,GL,1715480365
261,dolores,-36.3132,-57.6792,6.17,90,79,3.89,AR,1715480436
262,point fortin,10.1833,-61.6833,28.27,84,100,6.79,TT,1715480436
263,manadhoo,5.7667,73.3833,29.55,72,67,3.8,MV,1715480436
264,vadso,70.0744,29.7487,0.09,86,100,3.09,NO,1715480436
265,elliot lake,46.3834,-82.6331,6.73,96,100,1.6,CA,1715480437
266,karratha,-20.7377,116.8463,28.59,27,0,7.26,AU,1715480437
267,vernon,50.2581,-119.2691,28.58,24,0,1.79,CA,1715480404
268,pocahontas,36.2615,-90.9712,21.93,51,0,0.0,US,1715480437
269,ponce,18.073,-66.6185,27.17,83,16,1.37,PR,1715480237
270,rio grande,-32.035,-52.0986,18.06,90,100,7.13,BR,1715480437
271,kruisfontein,-34.0033,24.7314,9.94,73,3,3.36,ZA,1715480438
272,roma,43.2128,-75.4557,12.28,85,100,2.06,US,1715480421
273,saldanha,-33.0117,17.9442,8.03,81,3,6.91,ZA,1715480438
274,myeik,12.4333,98.6,28.86,72,80,1.79,MM,1715480438
275,bodo,67.28,14.405,7.1,94,100,4.12,NO,1715480438
276,sagaing,21.8787,95.9797,29.1,65,20,1.54,MM,1715480439
277,progreso,21.2833,-89.6667,30.06,89,51,8.65,MX,1715480439
278,petropavlovsk-kamchatsky,53.0452,158.6483,12.33,75,40,3.58,RU,1715480439
279,ormara,25.2088,64.6357,27.54,71,61,1.37,PK,1715480439
280,vanimo,-2.6741,141.3028,31.33,68,51,2.97,PG,1715480439
281,mount gambier,-37.8333,140.7667,18.77,50,97,0.61,AU,1715480440
282,urzhar,47.093,81.6294,17.77,74,98,1.21,KZ,1715480440
283,puerto aysen,-45.4,-72.7,0.06,98,100,1.16,CL,1715480440
284,qamdo,31.1667,97.2333,6.15,44,1,1.51,CN,1715480440
285,bunia,1.5667,30.25,18.11,91,17,2.43,CD,1715480440
286,temirtau,50.0544,72.9483,11.88,33,0,2.22,KZ,1715480441
287,inhambane,-23.865,35.3833,22.72,83,48,1.05,MZ,1715480441
288,pocone,-16.2567,-56.6228,24.47,57,0,2.14,BR,1715480441
289,at taj,24.2049,23.2857,19.85,37,0,4.69,LY,1715480441
290,martapura,-3.4167,114.85,29.28,79,68,1.41,ID,1715480441
291,krasnoshchekovo,51.6708,82.7289,11.74,61,0,1.12,RU,1715480442
292,denison,33.7557,-96.5367,22.01,68,75,1.54,US,1715480442
293,amfissa,38.525,22.3731,13.6,55,18,3.08,GR,1715480442
294,sao joao da barra,-21.6403,-41.0511,24.62,91,0,5.61,BR,1715480442
295,natal,-5.795,-35.2094,25.36,100,75,4.12,BR,1715480207
296,thunder bay,48.4001,-89.3168,13.99,44,75,3.09,CA,1715480435
297,nova sintra,14.8667,-24.7167,24.46,78,80,7.71,CV,1715480443
298,boda,4.3189,17.4695,22.8,85,67,1.66,CF,1715480443
299,ta`u,-14.2336,-169.5144,27.66,81,100,10.09,AS,1715480443
300,songea,-10.6833,35.65,14.61,83,1,0.89,TZ,1715480443
301,tromso,69.6496,18.957,4.01,93,100,4.12,NO,1715480444
302,yigo village,13.5361,144.8886,31.62,65,75,7.2,GU,1715480444
303,yuzhno-kurilsk,44.0306,145.8556,8.54,96,100,6.15,RU,1715480444
304,dabhol,17.6,73.1667,28.51,76,81,3.74,IN,1715480444
305,powell,40.1578,-83.0752,13.15,74,0,2.57,US,1715480444
306,salobrena,36.7428,-3.5872,19.15,62,2,1.92,ES,1715480445
307,foix,42.8333,1.5833,14.73,90,100,2.15,FR,1715480445
308,port isabel,26.0734,-97.2086,27.23,82,75,4.63,US,1715480445
309,changji,44.0167,87.3167,23.44,46,5,2.0,CN,1715480445
310,lisala,2.15,21.5167,23.62,79,68,1.09,CD,1715480446
311,port douglas,-16.4833,145.4667,24.94,82,80,6.48,AU,1715480446
312,akureyri,65.6835,-18.0878,3.96,100,100,2.57,IS,1715480446
313,muisne,0.6,-80.0333,26.13,86,100,1.88,EC,1715480446
314,plettenberg bay,-34.0527,23.3716,12.48,72,0,2.74,ZA,1715480446
315,coahuayana de hidalgo,18.7,-103.6583,23.04,85,4,0.66,MX,1715480447
316,ishigaki,24.3448,124.1572,30.07,74,75,7.72,JP,1715480447
317,hilo,19.7297,-155.09,24.23,95,100,3.6,US,1715480323
318,concordia,-31.393,-58.0209,14.32,96,100,2.24,AR,1715480447
319,chudovo,59.1167,31.6833,1.14,97,40,2.05,RU,1715480447
320,holualoa,19.6228,-155.9522,25.91,72,0,4.12,US,1715480448
321,arraial do cabo,-22.9661,-42.0278,24.63,88,5,4.04,BR,1715480448
322,san isidro de curuguaty,-24.5167,-55.7,21.73,61,18,1.03,PY,1715480448
323,rio cuarto,-33.1307,-64.3499,9.26,75,14,0.97,AR,1715480448
324,mili,6.0815,171.735,26.16,88,100,8.99,MH,1715480449
325,kyren,51.6828,102.1408,17.75,43,100,0.89,RU,1715480449
326,ingeniero jacobacci,-41.3427,-69.5448,0.69,94,90,1.69,AR,1715480449
327,san antonio de pale,-1.4014,5.6325,26.26,90,87,3.3,GQ,1715480449
328,puerto lempira,15.2667,-83.7667,27.82,76,100,5.22,HN,1715480449
329,andovoranto,-18.95,49.1,21.63,90,76,2.85,MG,1715480450
330,punta del este,-34.9667,-54.95,14.93,75,20,4.02,UY,1715480223
331,rongelap,11.1635,166.8941,27.5,81,90,6.95,MH,1715480450
332,kisangani,0.5167,25.2,23.02,82,33,1.48,CD,1715480450
333,severo-yeniseyskiy,60.3725,93.0408,2.54,92,45,4.02,RU,1715480450
334,port arthur,38.8,121.2667,20.12,53,4,4.62,CN,1715480451
335,port alfred,-33.5906,26.891,13.77,81,2,5.47,ZA,1715480451
336,sainte-rose,16.3324,-61.6979,27.02,78,20,1.54,GP,1715480451
337,syktyvkar,61.6764,50.8099,0.85,75,20,2.0,RU,1715480452
338,novaya igirma,57.1334,103.9112,15.5,72,100,4.38,RU,1715480452
339,perelyub,51.8667,50.3667,8.89,61,53,1.86,RU,1715480452
340,saposoa,-6.934,-76.7716,25.9,81,100,1.12,PE,1715480452
341,zhezqazghan,47.7833,67.7667,11.32,54,0,6.0,KZ,1715480452
342,kapa'a,22.0752,-159.319,25.99,80,75,6.17,US,1715480453
343,arish,31.1316,33.7984,19.39,79,69,2.14,EG,1715480453
344,trelew,-43.249,-65.3051,6.67,70,18,3.06,AR,1715480453
345,riversdale,18.1659,-76.9642,23.53,97,99,1.2,JM,1715480453
346,ashland,40.8167,-82.2665,11.3,91,9,3.79,US,1715480453
347,la passe,45.5549,-0.8967,16.9,94,100,5.36,FR,1715480454
348,liski,50.9841,39.5155,2.76,91,5,3.59,RU,1715480454
349,mhamid,29.82,-5.72,26.59,16,100,4.13,MA,1715480454
350,isiro,2.7739,27.616,20.25,78,28,1.37,CD,1715480454
351,kidal,18.4411,1.4078,31.53,8,3,6.7,ML,1715480454
352,santa maria,-29.6842,-53.8069,17.61,94,100,2.57,BR,1715480455
353,dundaga,57.5167,22.35,1.56,88,7,1.77,LV,1715480455
354,kilindoni,-7.9139,39.6668,26.83,78,22,6.03,TZ,1715480455
355,illizi,26.4833,8.4667,19.89,27,19,5.37,DZ,1715480455
356,fort mcmurray,56.7268,-111.381,13.77,38,0,6.17,CA,1715480455
357,bowen,-20.0167,148.2333,25.56,64,24,6.16,AU,1715480456
358,ulcinj,41.9294,19.2244,13.88,76,39,2.87,ME,1715480456
359,apatity,67.5641,33.4031,-3.52,91,39,1.73,RU,1715480456
360,kuala terengganu,5.3302,103.1408,31.97,70,20,1.54,MY,1715480456
361,al wasitah,29.3378,31.2056,19.31,59,0,3.07,EG,1715480457
362,robore,-18.3333,-59.75,23.91,51,0,1.83,BO,1715480457
363,runing,33.0011,114.3542,26.33,31,100,2.34,CN,1715480457
364,aykhal,66.0,111.5,-4.02,92,100,10.03,RU,1715480458
365,levuka,50.1834,-105.4011,18.9,40,81,6.47,CA,1715480458
366,luba,3.4568,8.5547,26.94,86,98,3.78,GQ,1715480458
367,zaragoza,41.6561,-0.8773,18.34,59,0,1.34,ES,1715480458
368,ermoupolis,37.4423,24.9425,17.39,55,98,5.66,GR,1715480458
369,quellon,-43.1167,-73.6167,5.01,80,7,2.49,CL,1715480459
370,barra de santo antonio,-9.4047,-35.5072,24.6,86,99,1.69,BR,1715480459
371,shivpuri,25.4333,77.65,32.1,29,97,2.32,IN,1715480459
372,ola,59.5833,151.2833,0.63,85,100,3.19,RU,1715480459
373,mbeni,-11.5014,43.3775,24.35,74,90,3.23,KM,1715480460
374,hadibu,12.65,54.0333,27.97,77,29,0.7,YE,1715480460
375,cidreira,-30.1811,-50.2056,20.4,94,100,4.15,BR,1715480460
376,kez,57.8979,53.7152,-1.65,96,69,3.41,RU,1715480460
377,gambiran satu,-8.3939,114.1464,28.91,71,80,1.95,ID,1715480460
378,kingston,17.997,-76.7936,26.02,87,100,0.24,JM,1715480461
379,port augusta,-32.5,137.7667,18.99,57,0,4.0,AU,1715480461
380,akrehamn,59.2667,5.1833,9.67,93,63,3.09,NO,1715480461
381,puerto baquerizo moreno,-0.9,-89.6,23.29,84,100,3.98,EC,1715480461
382,uberlandia,-18.9186,-48.2772,22.56,60,0,0.51,BR,1715480462
383,cedeira,43.6797,-8.0209,14.35,74,67,3.83,ES,1715480462
384,pangai,-19.8,-174.35,25.03,63,94,8.47,TO,1715480462
385,pendleton,45.6721,-118.7886,29.78,42,0,3.6,US,1715480462
386,broken hill,-31.95,141.4333,16.25,67,54,6.61,AU,1715480311
387,kyzyl,51.7,94.45,17.79,53,100,2.68,RU,1715480463
388,manta,-0.95,-80.7333,26.88,78,75,5.14,EC,1715480457
389,felipe carrillo puerto,19.5833,-88.05,26.57,81,100,2.39,MX,1715480463
390,hultsfred,57.4882,15.8436,6.73,81,43,1.55,SE,1715480463
391,port blair,11.6667,92.75,28.02,83,40,1.03,IN,1715480464
392,ceeldheer,3.8488,47.1806,27.07,83,13,4.74,SO,1715480464
393,grivita,44.7333,27.2833,13.63,80,99,6.58,RO,1715480464
394,ust-tsilma,65.441,52.1498,-2.99,94,100,2.24,RU,1715480464
395,kilembe,0.2,30.0,16.29,78,76,2.15,UG,1715480465
396,junction city,39.0286,-96.8314,21.92,51,0,2.06,US,1715480465
397,dhankuta,26.9833,87.3333,20.2,74,100,0.68,NP,1715480465
398,howrah,22.5892,88.3103,27.0,83,40,2.57,IN,1715480465
399,mo i rana,66.3128,14.1428,5.74,91,100,0.0,NO,1715480466
400,siler city,35.7235,-79.4622,17.54,79,77,1.84,US,1715480466
401,labasa,-16.4167,179.3833,26.44,59,100,5.38,FJ,1715480466
402,ikalamavony,-21.15,46.5833,15.41,88,100,2.23,MG,1715480466
403,steinau an der strasse,50.314,9.4634,13.07,92,8,2.18,DE,1715480466
404,ulsteinvik,62.3432,5.8487,12.17,79,100,2.64,NO,1715480467
405,papao,-17.75,-149.55,29.82,75,0,5.76,PF,1715480467
406,nelson bay,-32.7167,152.15,20.0,87,90,0.89,AU,1715480467
407,palapag,12.5458,125.1147,32.07,60,96,4.37,PH,1715480467
408,mirny,62.5353,113.9611,-0.43,74,100,3.58,RU,1715480467
409,zhumysker,49.3333,49.4,13.33,53,100,3.75,KZ,1715480468
410,palikir - national government center,6.9248,158.1611,31.47,74,100,6.69,FM,1715480468
411,namie,37.4833,141.0,24.43,57,100,0.45,JP,1715480468
412,rome,34.257,-85.1647,19.02,73,0,2.06,US,1715480238
413,tralee,52.2704,-9.7026,11.76,91,100,0.4,IE,1715480468
414,east ballina,-28.8667,153.5833,20.44,76,91,3.92,AU,1715480469
415,howard springs,-12.497,131.047,31.57,71,18,5.61,AU,1715480469
416,road town,18.4167,-64.6167,28.02,78,20,1.03,VG,1715480469
417,macas,-2.3167,-78.1167,19.82,97,93,1.48,EC,1715480469
418,liberia,6.5,-9.5,24.25,97,100,0.87,LR,1715480469
419,korostyshiv,50.3172,29.0563,3.56,82,17,1.35,UA,1715480470
420,nikolayevsk-on-amure,53.1406,140.73,4.56,65,100,5.36,RU,1715480470
421,daru,-9.0763,143.2092,27.62,80,100,6.61,PG,1715480470
422,shingu,33.7333,135.9833,19.4,83,100,2.68,JP,1715480470
423,kadinhani,38.2397,32.2114,7.35,92,15,1.18,TR,1715480470
424,ancud,-41.8697,-73.8203,6.8,80,97,2.29,CL,1715480471
425,i-n-salah,27.1935,2.4607,24.53,17,31,5.07,DZ,1715480471
426,pauls valley,34.7401,-97.2223,21.17,73,75,0.0,US,1715480471
427,tommot,58.9564,126.2925,6.51,59,95,0.22,RU,1715480471
428,thinadhoo,0.5333,72.9333,28.87,79,34,4.96,MV,1715480472
429,katabu,-4.9333,122.5167,30.81,62,63,2.14,ID,1715480472
430,kaitong,44.8135,123.15,15.08,35,3,3.23,CN,1715480472
431,monrovia,6.3005,-10.7969,26.87,87,100,3.31,LR,1715480472
432,formosa do rio preto,-11.0483,-45.1931,21.45,53,3,1.4,BR,1715480472
433,riyadh,24.6877,46.7219,29.08,23,63,3.78,SA,1715480473
434,constantia,44.1833,28.65,14.38,77,13,4.52,RO,1715480473
435,eydhafushi,5.1033,73.0708,29.43,74,70,4.8,MV,1715480473
436,puerto penasco,31.3167,-113.5333,24.93,52,0,5.23,MX,1715480473
437,dompu,-8.5356,118.4622,29.52,71,83,2.53,ID,1715480473
438,realico,-35.0366,-64.2447,7.05,80,1,3.3,AR,1715480474
439,eastham,41.8301,-69.9739,8.3,86,75,2.57,US,1715480474
440,salahonda,2.1019,-78.7217,27.29,84,82,3.56,CO,1715480474
441,pangoa,-12.1167,-73.0,22.39,96,90,1.07,PE,1715480474
442,chokwe,-24.5333,32.9833,19.31,98,22,2.36,MZ,1715480474
443,quibdo,5.6947,-76.6611,24.62,97,100,0.37,CO,1715480475
444,ginir,7.1333,40.7,14.25,87,22,1.8,ET,1715480475
445,gaspe,48.8334,-64.4819,4.95,87,0,1.03,CA,1715480475
446,hasaki,35.7333,140.8333,22.38,73,100,11.86,JP,1715480475
447,okha,53.5739,142.9478,0.14,85,100,1.34,RU,1715480475
448,abancay,-13.6339,-72.8814,15.21,85,26,0.81,PE,1715480476
449,kiffa,16.6166,-11.4045,33.18,15,22,5.91,MR,1715480476
450,cruzeiro do sul,-29.5128,-51.9853,18.62,96,100,0.5,BR,1715480476
451,nuku'alofa,-21.1333,-175.2,26.19,65,40,5.14,TO,1715480476
452,urengoy,65.9667,78.3667,0.47,94,94,5.15,RU,1715480476
453,raduzhny,62.0961,77.475,3.99,80,100,4.72,RU,1715480477
454,saipan,15.1355,145.701,31.39,66,40,6.69,MP,1715480477
455,tsiombe,-25.3,45.4833,18.84,91,0,0.62,MG,1715480477
456,greenville,35.6127,-77.3663,17.09,75,100,3.09,US,1715480477
457,kertih,4.5141,103.4483,31.01,74,40,0.0,MY,1715480478
458,port-cartier,50.0334,-66.8654,6.53,86,7,2.76,CA,1715480478
459,labrador city,52.9463,-66.9114,5.66,49,40,0.0,CA,1715480478
460,altamira,-3.2033,-52.2064,23.61,98,91,0.51,BR,1715480478
461,ayr,55.4627,-4.6339,16.29,82,20,6.17,GB,1715480478
462,hammerfest,70.6634,23.6821,4.25,81,100,2.57,NO,1715480479
463,barah,13.7,30.3667,28.95,11,24,2.47,SD,1715480479
464,mogadishu,2.0371,45.3438,26.96,88,40,5.97,SO,1715480479
465,dongcun,36.7767,121.1597,21.21,31,14,2.95,CN,1715480479
466,bafoulabe,13.8065,-10.8321,34.84,17,92,1.07,ML,1715480480
467,weno,7.4515,151.8468,30.97,79,75,4.12,FM,1715480480
468,paris,48.8534,2.3488,16.88,74,0,1.54,FR,1715480055
469,peruibe,-24.32,-46.9983,23.09,68,3,2.04,BR,1715480480
470,ouadda,8.0777,22.4007,26.24,50,99,1.73,CF,1715480480
471,mezapa,15.5833,-87.65,29.96,89,49,0.97,HN,1715480480
472,sao jose da coroa grande,-8.8978,-35.1478,26.2,80,100,1.63,BR,1715480481
473,termas de rio hondo,-27.4998,-64.8604,14.06,65,93,2.03,AR,1715480481
474,behshahr,36.6923,53.5526,15.97,32,11,3.45,IR,1715480481
475,igarka,67.4667,86.5833,-0.55,99,100,5.81,RU,1715480481
476,horta,38.5333,-28.6333,17.79,95,24,4.02,PT,1715480482
477,manitowoc,44.0667,-87.8001,11.98,85,0,2.57,US,1715480482
478,kazanskoye,55.6448,69.235,9.79,51,100,6.8,RU,1715480482
479,remire-montjoly,4.9167,-52.2667,25.02,100,0,1.03,GF,1715480482
480,greenwood,34.1668,-82.1165,18.12,66,0,3.6,US,1715480482
481,solikamsk,59.6196,56.7729,-0.15,97,100,2.54,RU,1715480483
482,nanping,26.645,118.1736,21.77,97,100,0.24,CN,1715480483
483,dehri,24.8667,84.1833,33.03,39,0,1.68,IN,1715480483
484,lake city,30.1897,-82.6393,22.14,72,0,2.06,US,1715480483
485,bereket,39.2446,55.5154,23.04,31,3,4.64,TM,1715480483
486,sokoni,-6.4333,39.55,26.0,81,73,5.76,TZ,1715480484
487,wanning,18.8003,110.3967,31.23,63,51,3.73,CN,1715480484
488,vama,47.5667,25.6833,8.43,93,100,0.89,RO,1715480484
489,mount carmel,38.4109,-87.7614,18.05,71,2,3.57,US,1715480484
490,treasure island,27.7692,-82.769,27.0,69,0,3.09,US,1715480485
491,tosontsengel,48.7567,98.2839,18.46,23,5,1.85,MN,1715480485
492,alice springs,-23.7,133.8833,18.75,39,6,5.66,AU,1715480485
493,anna regina,7.2644,-58.5077,26.24,87,54,4.48,GY,1715480485
494,pangkalanbuun,-2.6833,111.6167,29.75,73,97,1.24,ID,1715480486
495,zouerate,22.7187,-12.4521,25.67,31,3,5.93,MR,1715480486
496,tazacorte,28.629,-17.9293,19.54,73,75,6.69,ES,1715480486
497,tuncurry,-32.1667,152.5,21.3,80,56,1.34,AU,1715480486
498,serowe,-22.3833,26.7167,15.53,20,0,2.1,BW,1715480486
499,wang nam yen,13.5033,102.1812,30.6,66,88,0.82,TH,1715480487
500,yokadouma,3.5167,15.05,21.38,95,88,1.0,CM,1715480487
501,santana,-0.0583,-51.1817,23.15,97,100,1.87,BR,1715480487
502,mineiros,-17.5694,-52.5511,17.97,58,0,1.43,BR,1715480487
503,prieska,-29.6641,22.7474,13.16,35,0,1.55,ZA,1715480487
504,praia da vitoria,38.7333,-27.0667,17.64,94,20,1.66,PT,1715480488
505,bubaque,11.2833,-15.8333,26.54,75,11,5.27,GW,1715480488
506,shillington,40.3079,-75.9655,11.9,83,100,3.6,US,1715480488
507,revda,56.801,59.9303,7.27,80,100,7.78,RU,1715480488
508,crane,31.3974,-102.3501,17.6,85,51,8.24,US,1715480488
509,al khawr,25.7667,51.3167,25.75,41,27,2.5,QA,1715480489
510,lobujya,27.95,86.8167,-4.44,69,97,0.51,NP,1715480489
511,malango,-2.9627,119.9001,27.91,59,86,1.68,ID,1715480489
512,boyolangu,-8.1181,111.8935,27.21,81,81,1.96,ID,1715480489
513,kerikeri,-35.2268,173.9474,16.5,50,32,2.15,NZ,1715480489
514,wongsorejo,-7.9908,114.4009,29.54,67,85,3.12,ID,1715480490
515,cullompton,50.8553,-3.3927,13.29,90,100,0.74,GB,1715480490
516,orting,47.0979,-122.2043,29.19,34,0,0.0,US,1715480225
517,wotje,9.4543,170.2367,27.73,81,33,6.39,MH,1715480490
518,soanierana ivongo,-16.9167,49.5833,23.55,87,100,3.06,MG,1715480490
519,novodvinsk,64.4165,40.8122,-1.14,92,100,2.89,RU,1715480491
520,aurad,18.25,77.4333,31.4,42,94,1.39,IN,1715480491
521,nicoya,10.1483,-85.452,26.62,87,100,1.64,CR,1715480491
522,forest grove,45.5198,-123.1107,28.66,43,0,4.63,US,1715480489
523,kone,-21.0595,164.8658,27.3,49,68,3.05,NC,1715480491
524,flying fish cove,-10.4217,105.6791,27.82,83,75,4.63,CX,1715480492
525,pilkhua,28.7167,77.65,30.78,34,87,1.06,IN,1715480492
526,nipomo,35.0428,-120.476,19.06,83,75,3.09,US,1715480475
527,clearwater,27.9659,-82.8001,26.95,71,0,7.15,US,1715480492
528,spanish springs,39.6491,-119.7074,24.9,19,0,4.63,US,1715480492
529,kirakira,-10.4544,161.9205,29.23,65,47,5.57,SB,1715480493
530,sao gabriel da cachoeira,-0.1303,-67.0892,23.91,97,94,0.82,BR,1715480493
531,riberalta,-10.9833,-66.1,23.98,69,21,1.24,BO,1715480493
532,fuli,46.7217,131.1394,9.35,78,100,7.24,CN,1715480493
533,harper,4.375,-7.7169,27.46,86,100,3.31,LR,1715480493
534,walvis bay,-22.9575,14.5053,14.53,82,7,0.51,NA,1715480494
535,paramonga,-10.6667,-77.8333,18.43,90,88,3.0,PE,1715480494
536,zalesovo,53.9939,84.7431,12.28,48,7,2.3,RU,1715480494
537,myitkyina,25.3833,97.4,29.0,49,0,1.01,MM,1715480494
538,ocean city,39.2776,-74.5746,10.55,74,81,3.13,US,1715480494
539,conduaga,8.862,117.4893,32.9,55,90,2.18,PH,1715480495
540,geraldton,-28.7667,114.6,26.23,27,100,4.63,AU,1715480495
541,valle de la pascua,9.2155,-66.0073,28.61,63,98,1.52,VE,1715480495
542,moa,20.6569,-74.9403,26.17,90,30,2.09,CU,1715480495
543,soio,-6.1349,12.3689,26.28,92,34,1.82,AO,1715480495
544,serhetabat,35.2799,62.3438,15.42,62,1,1.0,TM,1715480496
545,aracuai,-16.8497,-42.0703,25.77,64,99,1.35,BR,1715480496
546,sovetskaya gavan',48.9723,140.2878,3.39,98,100,3.67,RU,1715480496
547,glace bay,46.1969,-59.957,3.87,90,100,5.66,CA,1715480496
548,guichon,-32.35,-57.2,12.93,94,100,4.44,UY,1715480497
549,nao me toque,-28.4592,-52.8208,18.98,99,100,0.96,BR,1715480497
550,sovetsk,55.0839,21.8785,2.02,76,14,1.8,RU,1715480497
551,ghadamis,30.1337,9.5007,20.6,34,87,4.98,LY,1715480497
552,mwinilunga,-11.7358,24.4293,14.34,63,18,0.79,ZM,1715480497
553,ubajara,-3.8544,-40.9211,19.85,92,34,1.32,BR,1715480498
554,durres,41.3231,19.4414,13.1,78,14,2.94,AL,1715480498
555,tadine,-21.55,167.8833,24.29,60,84,7.81,NC,1715480498
556,nemuro,43.3236,145.575,9.38,95,100,9.07,JP,1715480498
557,saint-philippe,-21.3585,55.7679,21.77,82,67,5.65,RE,1715480498
558,nagqu,31.5,92.0,2.4,15,28,4.8,CN,1715480499
559,kayangel,8.0823,134.7173,28.75,79,0,7.13,PW,1715480499
560,guerrero negro,27.9769,-114.0611,16.22,78,0,8.68,MX,1715480499
561,port saint john's,-31.6229,29.5448,18.76,69,100,4.1,ZA,1715480499
562,arteche,12.2645,125.4048,30.3,71,57,3.91,PH,1715480499
563,lata,40.1629,-8.3327,13.84,92,100,1.2,PT,1715480500
564,kenora,49.8167,-94.4337,18.54,48,75,5.14,CA,1715480500
565,barcelos,41.5388,-8.6151,14.91,94,100,1.36,PT,1715480500
566,slyudyanka,51.6594,103.7061,17.8,46,100,0.11,RU,1715480500
567,miyaly,48.8844,53.7836,13.39,59,92,3.74,KZ,1715480501
568,la sarre,48.8002,-79.1996,8.85,79,100,2.5,CA,1715480501
569,turpan,42.9333,89.1667,33.73,8,0,1.54,CN,1715480501
570,santa terezinha,-29.9002,-50.0904,20.03,95,100,0.67,BR,1715480501
571,mossel bay,-34.1831,22.146,9.96,82,3,2.13,ZA,1715480502
572,aasiaat,68.7098,-52.8699,-2.28,88,100,4.61,GL,1715480502
573,dalbandin,28.8947,64.4101,23.5,16,0,2.07,PK,1715480502
574,bosobolo,4.1833,19.9,25.72,62,100,1.55,CD,1715480503
575,kahuta,33.5913,73.3868,24.36,57,0,3.33,PK,1715480503
576,magadan,59.5667,150.8,0.29,87,100,2.09,RU,1715480503
577,harnai,30.1005,67.9374,24.51,15,0,2.76,PK,1715480503
578,timbuktu,16.7735,-3.0074,32.01,10,10,2.79,ML,1715480503
579,margny-les-compiegne,49.4256,2.8181,16.47,83,100,1.65,FR,1715480504
580,maitum,6.0392,124.4986,30.44,69,30,2.74,PH,1715480504
581,essaouira,31.5125,-9.77,18.72,72,28,4.12,MA,1715480504
582,najran,17.4924,44.1277,23.36,28,7,0.64,SA,1715480504
583,camocim,-2.9022,-40.8411,25.52,88,100,3.89,BR,1715480504
584,minas de marcona,-15.2119,-75.1103,13.42,88,83,5.48,PE,1715480505
585,mariental,-24.6333,17.9667,21.41,26,20,3.17,NA,1715480505
586,orkney,-26.9802,26.6727,15.28,37,2,0.26,ZA,1715480505
587,ust'-barguzin,53.45,108.9833,11.77,42,98,0.8,RU,1715480505
